Date,confirmed,death,recovered,Active,New confirmed,New deaths,New recovered,Recovery rate(per 100),Mortality rate(per 100),Number of countries
1/1/21,84053649,1835201,46794093,35424355,0,0,0,55.67,2.18,189
1/10/21,90317401,1942256,49432662,38942483,90317401,0,49432662,54.73,2.15,189
1/11/21,90936207,1952506,49712690,39271011,90936207,0,49712690,54.67,2.15,189
1/12/21,91641113,1969542,50047940,39623631,91641113,0,50047940,54.61,2.15,189
1/13/21,92388576,1986182,50405493,39996901,92388576,0,50405493,54.56,2.15,189
1/14/21,93143318,2001472,50769576,40372270,93143318,0,50769576,54.51,2.15,189
1/15/21,93908408,2016499,51081534,40810375,93908408,0,51081534,54.4,2.15,189
1/16/21,94547190,2029693,51392002,41125495,94547190,0,51392002,54.36,2.15,189
1/17/21,95075406,2038249,51700386,41336771,95075406,0,51700386,54.38,2.14,189
1/18/21,95590464,2047564,52011094,41531806,95590464,0,52011094,54.41,2.14,189
1/19/21,96197507,2064115,52406127,41727265,96197507,0,52406127,54.48,2.15,189
1/2/21,84679196,1843605,47092261,35743330,84679196,0,47092261,55.61,2.18,189
1/20/21,96889400,2081949,52725623,42081828,96889400,0,52725623,54.42,2.15,189
1/21/21,97545457,2098670,53084388,42362399,97545457,0,53084388,54.42,2.15,190
1/22/20,557,17,30,510,557,0,30,5.39,3.05,6
1/22/21,98203758,2114604,53458754,42630400,98203758,0,53458754,54.44,2.15,190
1/23/20,655,18,32,605,655,0,32,4.89,2.75,8
1/23/21,98771294,2127837,53770648,42872809,98771294,0,53770648,54.44,2.15,190
1/24/20,941,26,39,876,941,0,39,4.14,2.76,9
1/24/21,99216974,2136732,54073553,43006689,99216974,0,54073553,54.5,2.15,190
1/25/20,1433,42,42,1349,1433,0,42,2.93,2.93,11
1/25/21,99713407,2147459,54380745,43185203,99713407,0,54380745,54.54,2.15,190
1/26/20,2118,56,56,2006,2118,0,56,2.64,2.64,13
1/26/21,100268516,2164754,54702640,43401122,100268516,0,54702640,54.56,2.16,190
1/27/20,2927,82,65,2780,2927,0,65,2.22,2.8,16
1/27/21,100865797,2181389,55198410,43485998,100865797,0,55198410,54.72,2.16,190
1/28/20,5578,131,108,5339,5578,0,108,1.94,2.35,16
1/28/21,101479816,2198376,55346660,43934780,101479816,0,55346660,54.54,2.17,190
1/29/20,6167,133,126,5908,6167,0,126,2.04,2.16,18
1/29/21,102069520,2213265,55704146,44152109,102069520,0,55704146,54.57,2.17,190
1/3/21,85212163,1850916,47347498,36013749,85212163,0,47347498,55.56,2.17,189
1/30/20,8235,171,143,7921,8235,0,143,1.74,2.08,20
1/30/21,102584391,2226779,56049686,44307926,102584391,0,56049686,54.64,2.17,190
1/31/20,9927,213,222,9492,9927,0,222,2.24,2.15,23
1/31/21,102966624,2234707,56334014,44397903,102966624,0,56334014,54.71,2.17,190
1/4/21,85765405,1861092,47624916,36279397,85765405,0,47624916,55.53,2.17,189
1/5/21,86504070,1876371,47933832,36693867,86504070,0,47933832,55.41,2.17,189
1/6/21,87285701,1891364,48239374,37154963,87285701,0,48239374,55.27,2.17,189
1/7/21,88165606,1906226,48555892,37703488,88165606,0,48555892,55.07,2.16,189
1/8/21,88965718,1921292,48845130,38199296,88965718,0,48845130,54.9,2.16,189
1/9/21,89728354,1934003,49168658,38625693,89728354,0,49168658,54.8,2.16,189
10/1/20,34325653,1024179,23753917,9547557,34325653,0,23753917,69.2,2.98,185
10/10/20,37274038,1074191,25733846,10466001,37274038,0,25733846,69.04,2.88,185
10/11/20,37561006,1078217,25954282,10528507,37561006,0,25954282,69.1,2.87,185
10/12/20,37852653,1082199,26153115,10617339,37852653,0,26153115,69.09,2.86,186
10/13/20,38171910,1087485,26341913,10742512,38171910,0,26341913,69.01,2.85,186
10/14/20,38554099,1093561,26552177,10908361,38554099,0,26552177,68.87,2.84,186
10/15/20,38960970,1099690,26757199,11104081,38960970,0,26757199,68.68,2.82,186
10/16/20,39372638,1105873,26957975,11308790,39372638,0,26957975,68.47,2.81,186
10/17/20,39745215,1111480,27156079,11477656,39745215,0,27156079,68.33,2.8,186
10/18/20,40061745,1115020,27354008,11592717,40061745,0,27354008,68.28,2.78,186
10/19/20,40448758,1119864,27553524,11775370,40448758,0,27553524,68.12,2.77,186
10/2/20,34623283,1029110,23924898,9669275,34623283,0,23924898,69.1,2.97,185
10/20/20,40837772,1126430,27762661,11948681,40837772,0,27762661,67.98,2.76,186
10/21/20,41282552,1133093,27976800,12172659,41282552,0,27976800,67.77,2.74,186
10/22/20,41755182,1139005,28201611,12414566,41755182,0,28201611,67.54,2.73,186
10/23/20,42251753,1145973,28400973,12704807,42251753,0,28400973,67.22,2.71,186
10/24/20,42708512,1151792,28611166,12945554,42708512,0,28611166,66.99,2.7,186
10/25/20,43068878,1156001,28806164,13106713,43068878,0,28806164,66.88,2.68,186
10/26/20,43555368,1161525,29042357,13351486,43555368,0,29042357,66.68,2.67,186
10/27/20,44025176,1168898,29629750,13226528,44025176,0,29629750,67.3,2.66,186
10/28/20,44536660,1176062,29892796,13467802,44536660,0,29892796,67.12,2.64,187
10/29/20,45087161,1183147,30136911,13767103,45087161,0,30136911,66.84,2.62,187
10/3/20,34955445,1034473,24179451,9741521,34955445,0,24179451,69.17,2.96,185
10/30/20,45657768,1190757,30389380,14077631,45657768,0,30389380,66.56,2.61,187
10/31/20,46134311,1197332,30631653,14305326,46134311,0,30631653,66.4,2.6,187
10/4/20,35216869,1038316,24399691,9778862,35216869,0,24399691,69.28,2.95,185
10/5/20,35517866,1045266,24634742,9837858,35517866,0,24634742,69.36,2.94,185
10/6/20,35844176,1051050,24865323,9927803,35844176,0,24865323,69.37,2.93,185
10/7/20,36195051,1056882,25118660,10019509,36195051,0,25118660,69.4,2.92,185
10/8/20,36556287,1063159,25336175,10156953,36556287,0,25336175,69.31,2.91,185
10/9/20,36917068,1069313,25540328,10307427,36917068,0,25540328,69.18,2.9,185
11/1/20,46596997,1202342,30887737,14506918,46596997,0,30887737,66.29,2.58,187
11/10/20,51606316,1276429,33331563,16998324,51606316,0,33331563,64.59,2.47,188
11/11/20,52254483,1286884,33709611,17257988,52254483,0,33709611,64.51,2.46,188
11/12/20,52904279,1296657,33932018,17675604,52904279,0,33932018,64.14,2.45,188
11/13/20,53556126,1306250,34230019,18019857,53556126,0,34230019,63.91,2.44,188
11/14/20,54150852,1315326,34505048,18330478,54150852,0,34505048,63.72,2.43,188
11/15/20,54624540,1321742,34732195,18570603,54624540,0,34732195,63.58,2.42,188
11/16/20,55158710,1329712,35118520,18710478,55158710,0,35118520,63.67,2.41,188
11/17/20,55769282,1340788,35547845,18880649,55769282,0,35547845,63.74,2.4,188
11/18/20,56396204,1352222,35906565,19137417,56396204,0,35906565,63.67,2.4,189
11/19/20,57049381,1363244,36276492,19409645,57049381,0,36276492,63.59,2.39,189
11/2/20,47159718,1208449,31165473,14785796,47159718,0,31165473,66.08,2.56,187
11/20/20,57717758,1375130,36627206,19715422,57717758,0,36627206,63.46,2.38,189
11/21/20,58305002,1384101,36962507,19958394,58305002,0,36962507,63.4,2.37,189
11/22/20,58792992,1391290,37232606,20169096,58792992,0,37232606,63.33,2.37,189
11/23/20,59317698,1399826,37638504,20279368,59317698,0,37638504,63.45,2.36,189
11/24/20,59907705,1412496,38006570,20488639,59907705,0,38006570,63.44,2.36,189
11/25/20,60543144,1424634,38440179,20678331,60543144,0,38440179,63.49,2.35,189
11/26/20,61125268,1435520,38803146,20886602,61125268,0,38803146,63.48,2.35,189
11/27/20,61812506,1446911,39179053,21186542,61812506,0,39179053,63.38,2.34,189
11/28/20,62398089,1456196,39534404,21407489,62398089,0,39534404,63.36,2.33,189
11/29/20,62886352,1463355,39849011,21573986,62886352,0,39849011,63.37,2.33,189
11/3/20,47713077,1217796,31413188,15082093,47713077,0,31413188,65.84,2.55,187
11/30/20,63394356,1472258,40245654,21676444,63394356,0,40245654,63.48,2.32,189
11/4/20,48224240,1228057,31690052,15306131,48224240,0,31690052,65.71,2.55,187
11/5/20,48821106,1236073,31991847,15593186,48821106,0,31991847,65.53,2.53,187
11/6/20,49465707,1245729,32276039,15943939,49465707,0,32276039,65.25,2.52,187
11/7/20,50062351,1253326,32572803,16236222,50062351,0,32572803,65.06,2.5,187
11/8/20,50546150,1259200,32824023,16462927,50546150,0,32824023,64.94,2.49,187
11/9/20,51047383,1266431,33077495,16703457,51047383,0,33077495,64.8,2.48,187
12/1/20,64006202,1484955,40716782,21804465,64006202,0,40716782,63.61,2.32,189
12/10/20,70542152,1586756,44567916,24387480,70542152,0,44567916,63.18,2.25,189
12/11/20,71244984,1599780,45039092,24606112,71244984,0,45039092,63.22,2.25,189
12/12/20,71879137,1610314,46537896,23730927,71879137,0,46537896,64.74,2.24,189
12/13/20,72409338,1617751,46928180,23863407,72409338,0,46928180,64.81,2.23,189
12/14/20,72933212,1626969,40931571,30374672,72933212,0,40931571,56.12,2.23,189
12/15/20,73569705,1640897,41283148,30645660,73569705,0,41283148,56.11,2.23,189
12/16/20,74302379,1654615,41639407,31008357,74302379,0,41639407,56.04,2.23,189
12/17/20,75041012,1668026,42008282,31364704,75041012,0,42008282,55.98,2.22,189
12/18/20,75760393,1680798,42318510,31761085,75760393,0,42318510,55.86,2.22,189
12/19/20,76371873,1691553,42664040,32016280,76371873,0,42664040,55.86,2.21,189
12/2/20,64656819,1497549,41174435,21984835,64656819,0,41174435,63.68,2.32,189
12/20/20,76904877,1699452,42935547,32269878,76904877,0,42935547,55.83,2.21,189
12/21/20,77453506,1709156,43271241,32473109,77453506,0,43271241,55.87,2.21,189
12/22/20,78102659,1723458,43626167,32753034,78102659,0,43626167,55.86,2.21,189
12/23/20,78796738,1737282,43943557,33115899,78796738,0,43943557,55.77,2.2,189
12/24/20,79463644,1748893,44254047,33460704,79463644,0,44254047,55.69,2.2,189
12/25/20,79928773,1757453,44544891,33626429,79928773,0,44544891,55.73,2.2,189
12/26/20,80441247,1764832,44951076,33725339,80441247,0,44951076,55.88,2.19,189
12/27/20,80879117,1772226,45232941,33873950,80879117,0,45232941,55.93,2.19,189
12/28/20,81375240,1782007,45519191,34074042,81375240,0,45519191,55.94,2.19,189
12/29/20,82037714,1797177,45862225,34378312,82037714,0,45862225,55.9,2.19,189
12/3/20,65350142,1510129,41596574,22243439,65350142,0,41596574,63.65,2.31,189
12/30/20,82797945,1812450,46242987,34742508,82797945,0,46242987,55.85,2.19,189
12/31/20,83521138,1825563,46514601,35180974,83521138,0,46514601,55.69,2.19,189
12/4/20,66033234,1522627,42081446,22429161,66033234,0,42081446,63.73,2.31,189
12/5/20,66674859,1532905,42512268,22629686,66674859,0,42512268,63.76,2.3,189
12/6/20,67213651,1540328,42823475,22849848,67213651,0,42823475,63.71,2.29,189
12/7/20,67733073,1549063,43226885,22957125,67733073,0,43226885,63.82,2.29,189
12/8/20,68375976,1561356,43661994,23152626,68375976,0,43661994,63.86,2.28,189
12/9/20,69044992,1574071,44082400,23388521,69044992,0,44082400,63.85,2.28,189
2/1/20,12038,259,284,11495,12038,0,284,2.36,2.15,25
2/1/21,103412512,2244875,56598542,44569095,103412512,0,56598542,54.73,2.17,190
2/10/20,42634,1013,3715,37906,42634,0,3715,8.71,2.38,26
2/10/21,107340237,2359476,59252488,45728273,107340237,0,59252488,55.2,2.2,190
2/11/20,44676,1113,4418,39145,44676,0,4418,9.89,2.49,26
2/11/21,107781157,2372893,59523261,45885003,107781157,0,59523261,55.23,2.2,190
2/12/20,45054,1118,4850,39086,45054,0,4850,10.76,2.48,26
2/12/21,108210228,2385325,59806679,46018224,108210228,0,59806679,55.27,2.2,190
2/13/20,60207,1371,5929,52907,60207,0,5929,9.85,2.28,26
2/13/21,108583181,2395092,60050509,46137580,108583181,0,60050509,55.3,2.21,190
2/14/20,66691,1523,7612,57556,66691,0,7612,11.41,2.28,27
2/14/21,108876765,2401389,60242718,46232658,108876765,0,60242718,55.33,2.21,190
2/15/20,68767,1666,8903,58198,68767,0,8903,12.95,2.42,27
2/15/21,109160133,2408278,60528261,46223594,109160133,0,60528261,55.45,2.21,190
2/16/20,70880,1770,10320,58790,70880,0,10320,14.56,2.5,27
2/16/21,109510727,2419146,60755832,46335749,109510727,0,60755832,55.48,2.21,190
2/17/20,72816,1868,11951,58997,72816,0,11951,16.41,2.57,27
2/17/21,109905819,2430459,61045739,46429621,109905819,0,61045739,55.54,2.21,190
2/18/20,74610,2008,13693,58909,74610,0,13693,18.35,2.69,27
2/18/21,110309028,2441623,61277712,46589693,110309028,0,61277712,55.55,2.21,190
2/19/20,75031,2123,15394,57514,75031,0,15394,20.52,2.83,28
2/19/21,110748423,2452729,61508332,46787362,110748423,0,61508332,55.54,2.21,190
2/2/20,16787,362,463,15962,16787,0,463,2.76,2.16,25
2/2/21,103869719,2259718,56944242,44665759,103869719,0,56944242,54.82,2.18,190
2/20/20,75578,2246,17371,55961,75578,0,17371,22.98,2.97,28
2/20/21,111118688,2461244,61773936,46883508,111118688,0,61773936,55.59,2.21,190
2/21/20,76207,2250,17968,55989,76207,0,17968,23.58,2.95,30
2/21/21,111432381,2467124,61988091,46977166,111432381,0,61988091,55.63,2.21,190
2/22/20,77968,2457,21852,53659,77968,0,21852,28.03,3.15,30
2/22/21,111721168,2474163,62166059,47080946,111721168,0,62166059,55.64,2.21,190
2/23/20,78291,2467,22304,53520,78291,0,22304,28.49,3.15,31
2/23/21,112109032,2485419,62439507,47184106,112109032,0,62439507,55.7,2.22,190
2/24/20,78855,2627,24047,52181,78855,0,24047,30.5,3.33,36
2/24/21,112553580,2497473,62645488,47410619,112553580,0,62645488,55.66,2.22,190
2/25/20,79708,2707,26652,50349,79708,0,26652,33.44,3.4,41
2/25/21,113000691,2507609,62869170,47623912,113000691,0,62869170,55.64,2.22,190
2/26/20,80671,2767,29079,48825,80671,0,29079,36.05,3.43,47
2/26/21,113414883,2517407,63125208,47772268,113414883,0,63125208,55.66,2.22,190
2/27/20,82031,2810,31920,47301,82031,0,31920,38.91,3.43,51
2/27/21,113784014,2525386,63372476,47886152,113784014,0,63372476,55.7,2.22,190
2/28/20,83417,2867,35305,45245,83417,0,35305,42.32,3.44,56
2/29/20,85308,2936,38313,44059,85308,0,38313,44.91,3.44,61
2/3/20,19887,426,608,18853,19887,0,608,3.06,2.14,25
2/3/21,104391471,2275367,57269222,44846882,104391471,0,57269222,54.86,2.18,190
2/4/20,23898,492,826,22580,23898,0,826,3.46,2.06,26
2/4/21,104857646,2287886,57559378,45010382,104857646,0,57559378,54.89,2.18,190
2/5/20,27643,564,1076,26003,27643,0,1076,3.89,2.04,26
2/5/21,105392184,2304356,57843713,45244115,105392184,0,57843713,54.88,2.19,190
2/6/20,30803,634,1423,28746,30803,0,1423,4.62,2.06,26
2/6/21,105764212,2314403,58134337,45315472,105764212,0,58134337,54.97,2.19,190
2/7/20,34335,719,1908,31708,34335,0,1908,5.56,2.09,26
2/7/21,106162037,2322277,58428001,45411759,106162037,0,58428001,55.04,2.19,190
2/8/20,37069,806,2470,33793,37069,0,2470,6.66,2.17,26
2/8/21,106477727,2330584,58620776,45526367,106477727,0,58620776,55.05,2.19,190
2/9/20,40096,906,3058,36132,40096,0,3058,7.63,2.26,26
2/9/21,106905092,2346090,58987735,45571267,106905092,0,58987735,55.18,2.19,190
3/1/20,87689,2990,41209,43490,87689,0,41209,46.99,3.41,66
3/10/20,118335,4261,62798,51276,118335,0,62798,53.07,3.6,105
3/11/20,125996,4604,65109,56283,125996,0,65109,51.68,3.65,111
3/12/20,131786,4910,66431,60445,131786,0,66431,50.41,3.73,113
3/13/20,146170,5407,68356,72407,146170,0,68356,46.76,3.7,119
3/14/20,157244,5827,70727,80690,157244,0,70727,44.98,3.71,134
3/15/20,168513,6468,74138,87907,168513,0,74138,44.0,3.84,138
3/16/20,183321,7146,76192,99983,183321,0,76192,41.56,3.9,143
3/17/20,199264,7960,78936,112368,199264,0,78936,39.61,3.99,146
3/18/20,218823,8867,81423,128533,218823,0,81423,37.21,4.05,150
3/19/20,245872,9978,83064,152830,245872,0,83064,33.78,4.06,154
3/2/20,89672,3079,44084,42509,89672,0,44084,49.16,3.43,73
3/20/20,276647,11463,85509,179675,276647,0,85509,30.91,4.14,161
3/21/20,308638,13184,89755,205699,308638,0,89755,29.08,4.27,163
3/22/20,343493,14861,95972,232660,343493,0,95972,27.94,4.33,168
3/23/20,386328,16809,96440,273079,386328,0,96440,24.96,4.35,169
3/24/20,427507,19095,105979,302433,427507,0,105979,24.79,4.47,171
3/25/20,478508,21902,111423,345183,478508,0,111423,23.29,4.58,174
3/26/20,541385,24935,119784,396666,541385,0,119784,22.13,4.61,174
3/27/20,606426,28417,128497,449512,606426,0,128497,21.19,4.69,175
3/28/20,673704,32142,136797,504765,673704,0,136797,20.31,4.77,175
3/29/20,732941,35645,146247,551049,732941,0,146247,19.95,4.86,175
3/3/20,92265,3154,46680,42431,92265,0,46680,50.59,3.42,76
3/30/20,798235,39722,161584,596929,798235,0,161584,20.24,4.98,176
3/31/20,875080,44482,174048,656550,875080,0,174048,19.89,5.08,178
3/4/20,94573,3249,49618,41706,94573,0,49618,52.47,3.44,80
3/5/20,97384,3343,52236,41805,97384,0,52236,53.64,3.43,84
3/6/20,101297,3454,54268,43575,101297,0,54268,53.57,3.41,93
3/7/20,105392,3558,56758,45076,105392,0,56758,53.85,3.38,94
3/8/20,109341,3797,59092,46452,109341,0,59092,54.04,3.47,99
3/9/20,113513,3987,60891,48635,113513,0,60891,53.64,3.51,102
4/1/20,957865,50521,189588,717756,957865,0,189588,19.79,5.27,178
4/10/20,1654341,109842,367688,1176811,1654341,0,367688,22.23,6.64,182
4/11/20,1728652,116009,393203,1219440,1728652,0,393203,22.75,6.71,182
4/12/20,1848346,121862,412051,1314433,1848346,0,412051,22.29,6.59,182
4/13/20,1919078,127827,438673,1352578,1919078,0,438673,22.86,6.66,182
4/14/20,2003045,134807,463273,1404965,2003045,0,463273,23.13,6.73,182
4/15/20,2080193,143262,499056,1437875,2080193,0,499056,23.99,6.89,182
4/16/20,2175744,150531,529201,1496012,2175744,0,529201,24.32,6.92,182
4/17/20,2263741,158924,554537,1550280,2263741,0,554537,24.5,7.02,182
4/18/20,2340981,165086,577982,1597913,2340981,0,577982,24.69,7.05,182
4/19/20,2417586,170327,608878,1638381,2417586,0,608878,25.19,7.05,182
4/2/20,1040928,56405,206304,778219,1040928,0,206304,19.82,5.42,179
4/20/20,2493604,176201,630359,1687044,2493604,0,630359,25.28,7.07,182
4/21/20,2569353,183479,664515,1721359,2569353,0,664515,25.86,7.14,182
4/22/20,2650600,190330,693334,1766936,2650600,0,693334,26.16,7.18,182
4/23/20,2734849,197167,721755,1815927,2734849,0,721755,26.39,7.21,182
4/24/20,2818945,203942,771391,1843612,2818945,0,771391,27.36,7.23,182
4/25/20,2901203,209572,798277,1893354,2901203,0,798277,27.52,7.22,182
4/26/20,2972791,213546,826216,1933029,2972791,0,826216,27.79,7.18,182
4/27/20,3042983,218300,852710,1971973,3042983,0,852710,28.02,7.17,182
4/28/20,3118523,224873,884953,2008697,3118523,0,884953,28.38,7.21,182
4/29/20,3195633,231587,925934,2038112,3195633,0,925934,28.97,7.25,182
4/3/20,1124479,62562,221286,840631,1124479,0,221286,19.68,5.56,179
4/30/20,3279128,237521,989943,2051664,3279128,0,989943,30.19,7.24,184
4/4/20,1182868,68479,241293,873096,1182868,0,241293,20.4,5.79,179
4/5/20,1255460,73666,254694,927100,1255460,0,254694,20.29,5.87,180
4/6/20,1328603,79603,271158,977842,1328603,0,271158,20.41,5.99,181
4/7/20,1398432,87866,293882,1016684,1398432,0,293882,21.02,6.28,181
4/8/20,1481787,94668,322400,1064719,1481787,0,322400,21.76,6.39,181
4/9/20,1568806,102451,346645,1119710,1568806,0,346645,22.1,6.53,181
5/1/20,3367504,242662,1026754,2098088,3367504,0,1026754,30.49,7.21,184
5/10/20,4110479,286834,1370421,2453224,4110479,0,1370421,33.34,6.98,184
5/11/20,4187110,290310,1416408,2480392,4187110,0,1416408,33.83,6.93,184
5/12/20,4271600,295780,1452402,2523418,4271600,0,1452402,34.0,6.92,184
5/13/20,4356580,300914,1507152,2548514,4356580,0,1507152,34.59,6.91,185
5/14/20,4452811,306063,1545935,2600813,4452811,0,1545935,34.72,6.87,185
5/15/20,4548543,311277,1593217,2644049,4548543,0,1593217,35.03,6.84,185
5/16/20,4642982,315517,1648703,2678762,4642982,0,1648703,35.51,6.8,185
5/17/20,4721004,318701,1688978,2713325,4721004,0,1688978,35.78,6.75,185
5/18/20,4810171,322450,1741206,2746515,4810171,0,1741206,36.2,6.7,185
5/19/20,4906946,327092,1792440,2787414,4906946,0,1792440,36.53,6.67,185
5/2/20,3446704,248149,1066349,2132206,3446704,0,1066349,30.94,7.2,184
5/20/20,5008824,331851,1850682,2826291,5008824,0,1850682,36.95,6.63,185
5/21/20,5115468,336507,1900964,2877997,5115468,0,1900964,37.16,6.58,185
5/22/20,5221889,341776,2008633,2871480,5221889,0,2008633,38.47,6.55,185
5/23/20,5326694,345726,2062757,2918211,5326694,0,2062757,38.72,6.49,185
5/24/20,5420905,348735,2117597,2954573,5420905,0,2117597,39.06,6.43,185
5/25/20,5507621,349938,2180653,2977030,5507621,0,2180653,39.59,6.35,185
5/26/20,5601588,354182,2235104,3012302,5601588,0,2235104,39.9,6.32,185
5/27/20,5704350,359246,2297533,3047571,5704350,0,2297533,40.28,6.3,185
5/28/20,5823633,363822,2363672,3096139,5823633,0,2363672,40.59,6.25,185
5/29/20,5944535,368439,2439991,3136105,5944535,0,2439991,41.05,6.2,185
5/3/20,3523077,251648,1097774,2173655,3523077,0,1097774,31.16,7.14,184
5/30/20,6081050,372470,2509823,3198757,6081050,0,2509823,41.27,6.13,185
5/31/20,6187458,375272,2585507,3226679,6187458,0,2585507,41.79,6.07,185
5/4/20,3600766,255845,1130745,2214176,3600766,0,1130745,31.4,7.11,184
5/5/20,3681268,261659,1166242,2253367,3681268,0,1166242,31.68,7.11,184
5/6/20,3771295,268142,1211181,2291972,3771295,0,1211181,32.12,7.11,184
5/7/20,3860002,273445,1249626,2336931,3860002,0,1249626,32.37,7.08,184
5/8/20,3950280,278982,1285055,2386243,3950280,0,1285055,32.53,7.06,184
5/9/20,4035503,283280,1337465,2414758,4035503,0,1337465,33.14,7.02,184
6/1/20,6283452,378343,2639548,3265561,6283452,0,2639548,42.01,6.02,185
6/10/20,7390592,418099,3395164,3577329,7390592,0,3395164,45.94,5.66,185
6/11/20,7528611,422739,3480121,3625751,7528611,0,3480121,46.23,5.62,185
6/12/20,7657375,426949,3558937,3671489,7657375,0,3558937,46.48,5.58,185
6/13/20,7792664,431073,3644003,3717588,7792664,0,3644003,46.76,5.53,185
6/14/20,7924948,434469,3714002,3776477,7924948,0,3714002,46.86,5.48,185
6/15/20,8044606,437884,3793469,3813253,8044606,0,3793469,47.16,5.44,185
6/16/20,8186690,444589,3890896,3851205,8186690,0,3890896,47.53,5.43,185
6/17/20,8330430,449731,4008346,3872353,8330430,0,4008346,48.12,5.4,185
6/18/20,8471489,454643,4088992,3927854,8471489,0,4088992,48.27,5.37,185
6/19/20,8651402,460718,4183444,4007240,8651402,0,4183444,48.36,5.33,185
6/2/20,6405417,383013,2743021,3279383,6405417,0,2743021,42.82,5.98,185
6/20/20,8808849,464842,4298785,4045222,8808849,0,4298785,48.8,5.28,185
6/21/20,8936549,468853,4367044,4100652,8936549,0,4367044,48.87,5.25,185
6/22/20,9075905,472419,4458204,4145282,9075905,0,4458204,49.12,5.21,185
6/23/20,9242702,477634,4561809,4203259,9242702,0,4561809,49.36,5.17,185
6/24/20,9415278,482823,4677148,4255307,9415278,0,4677148,49.68,5.13,185
6/25/20,9593657,487520,4769692,4336445,9593657,0,4769692,49.72,5.08,185
6/26/20,9785242,492274,4875349,4417619,9785242,0,4875349,49.82,5.03,185
6/27/20,9963368,496736,4981365,4485267,9963368,0,4981365,50.0,4.99,185
6/28/20,10127234,499899,5070319,4557016,10127234,0,5070319,50.07,4.94,185
6/29/20,10282577,503595,5163879,4615103,10282577,0,5163879,50.22,4.9,185
6/3/20,6519655,388441,2821317,3309897,6519655,0,2821317,43.27,5.96,185
6/30/20,10457115,508517,5280791,4667807,10457115,0,5280791,50.5,4.86,185
6/4/20,6650609,393462,2890704,3366443,6650609,0,2890704,43.47,5.92,185
6/5/20,6781832,398032,2958974,3424826,6781832,0,2958974,43.63,5.87,185
6/6/20,6915569,401847,3030153,3483569,6915569,0,3030153,43.82,5.81,185
6/7/20,7027932,404583,3084673,3538676,7027932,0,3084673,43.89,5.76,185
6/8/20,7130429,408284,3235608,3486537,7130429,0,3235608,45.38,5.73,185
6/9/20,7255487,413062,3317099,3525326,7255487,0,3317099,45.72,5.69,185
7/1/20,10674712,513466,5396407,4764839,10674712,0,5396407,50.55,4.81,185
7/10/20,12512785,557147,6804018,5151620,12512785,0,6804018,54.38,4.45,185
7/11/20,12729249,561970,6929387,5237892,12729249,0,6929387,54.44,4.41,185
7/12/20,12921535,565955,7041038,5314542,12921535,0,7041038,54.49,4.38,185
7/13/20,13112972,569866,7180919,5362187,13112972,0,7180919,54.76,4.35,185
7/14/20,13335136,575462,7322832,5436842,13335136,0,7322832,54.91,4.32,185
7/15/20,13566591,580908,7482280,5503403,13566591,0,7482280,55.15,4.28,185
7/16/20,13817892,586680,7634399,5596813,13817892,0,7634399,55.25,4.25,185
7/17/20,14060622,593357,7793946,5673319,14060622,0,7793946,55.43,4.22,185
7/18/20,14296802,598967,7944566,5753269,14296802,0,7944566,55.57,4.19,185
7/19/20,14510231,603034,8032432,5874765,14510231,0,8032432,55.36,4.16,185
7/2/20,10884655,518570,5680862,4685223,10884655,0,5680862,52.19,4.76,185
7/20/20,14717339,607247,8191106,5918986,14717339,0,8191106,55.66,4.13,185
7/21/20,14950987,613421,8365521,5972045,14950987,0,8365521,55.95,4.1,185
7/22/20,15230852,620369,8544978,6065505,15230852,0,8544978,56.1,4.07,185
7/23/20,15513694,630280,8720758,6162656,15513694,0,8720758,56.21,4.06,185
7/24/20,15794746,636305,8948477,6209964,15794746,0,8948477,56.65,4.03,185
7/25/20,16048784,641859,9168010,6238915,16048784,0,9168010,57.13,4.0,185
7/26/20,16261892,645575,9311047,6305270,16261892,0,9311047,57.26,3.97,185
7/27/20,16488309,650757,9481939,6355613,16488309,0,9481939,57.51,3.95,185
7/28/20,16741086,657036,9652142,6431908,16741086,0,9652142,57.66,3.92,185
7/29/20,17032774,663662,9854399,6514713,17032774,0,9854399,57.86,3.9,185
7/3/20,11086036,523466,5790378,4772192,11086036,0,5790378,52.23,4.72,185
7/30/20,17312835,669709,10067544,6575582,17312835,0,10067544,58.15,3.87,185
7/31/20,17603557,675890,10266577,6661090,17603557,0,10266577,58.32,3.84,185
7/4/20,11279843,527863,5985855,4766125,11279843,0,5985855,53.07,4.68,185
7/5/20,11463847,531351,6104950,4827546,11463847,0,6104950,53.25,4.64,185
7/6/20,11627809,535191,6228259,4864359,11627809,0,6228259,53.56,4.6,185
7/7/20,11839159,541159,6373012,4924988,11839159,0,6373012,53.83,4.57,185
7/8/20,12053309,546450,6530622,4976237,12053309,0,6530622,54.18,4.53,185
7/9/20,12280127,551855,6664947,5063325,12280127,0,6664947,54.27,4.49,185
8/1/20,17851885,681346,10447318,6723221,17851885,0,10447318,58.52,3.82,185
8/10/20,20100427,732052,12172605,7195770,20100427,0,12172605,60.56,3.64,185
8/11/20,20357951,738251,12477187,7142513,20357951,0,12477187,61.29,3.63,185
8/12/20,20634532,744824,12717427,7172281,20634532,0,12717427,61.63,3.61,185
8/13/20,20923711,751037,12880838,7291836,20923711,0,12880838,61.56,3.59,185
8/14/20,21227441,761178,13163615,7302648,21227441,0,13163615,62.01,3.59,185
8/15/20,21475130,766542,13331877,7376711,21475130,0,13331877,62.08,3.57,185
8/16/20,21689597,770794,13564526,7354277,21689597,0,13564526,62.54,3.55,185
8/17/20,21897307,774972,13775266,7347069,21897307,0,13775266,62.91,3.54,185
8/18/20,22155527,781826,14002153,7371548,22155527,0,14002153,63.2,3.53,185
8/19/20,22435105,788520,14219616,7426969,22435105,0,14219616,63.38,3.51,185
8/2/20,18082879,685664,10585885,6811330,18082879,0,10585885,58.54,3.79,185
8/20/20,22707407,794582,14427050,7485775,22707407,0,14427050,63.53,3.5,185
8/21/20,22968489,800018,14594933,7573538,22968489,0,14594933,63.54,3.48,185
8/22/20,23232740,805594,14804527,7622619,23232740,0,14804527,63.72,3.47,185
8/23/20,23438918,809500,15020799,7608619,23438918,0,15020799,64.08,3.45,185
8/24/20,23664264,814007,15219435,7630822,23664264,0,15219435,64.31,3.44,185
8/25/20,23908021,820285,15450462,7637274,23908021,0,15450462,64.62,3.43,185
8/26/20,24191938,826534,15675650,7689754,24191938,0,15675650,64.8,3.42,185
8/27/20,24475638,832415,15882437,7760786,24475638,0,15882437,64.89,3.4,185
8/28/20,24759370,837930,16081034,7840406,24759370,0,16081034,64.95,3.38,185
8/29/20,25023108,843252,16292144,7887712,25023108,0,16292144,65.11,3.37,185
8/3/20,18289346,690350,10808213,6790783,18289346,0,10808213,59.1,3.77,185
8/30/20,25244088,847309,16502181,7894598,25244088,0,16502181,65.37,3.36,185
8/31/20,25507066,851514,16702323,7953229,25507066,0,16702323,65.48,3.34,185
8/4/20,18547259,696938,11030992,6819329,18547259,0,11030992,59.48,3.76,185
8/5/20,18823825,703947,11252342,6867536,18823825,0,11252342,59.78,3.74,185
8/6/20,19109004,710433,11440816,6957755,19109004,0,11440816,59.87,3.72,185
8/7/20,19391215,716715,11632380,7042120,19391215,0,11632380,59.99,3.7,185
8/8/20,19649725,722131,11832472,7095122,19649725,0,11832472,60.22,3.68,185
8/9/20,19874402,726743,12011062,7136597,19874402,0,12011062,60.43,3.66,185
9/1/20,25771794,857932,16959856,7954006,25771794,0,16959856,65.81,3.33,185
9/10/20,28195502,910520,18877752,8407230,28195502,0,18877752,66.95,3.23,185
9/11/20,28516743,916371,19100676,8499696,28516743,0,19100676,66.98,3.21,185
9/12/20,28803336,921273,19323182,8558881,28803336,0,19323182,67.09,3.2,185
9/13/20,29045970,924981,19510637,8610352,29045970,0,19510637,67.17,3.18,185
9/14/20,29309671,929429,19738201,8642041,29309671,0,19738201,67.34,3.17,185
9/15/20,29595053,935861,19963661,8695531,29595053,0,19963661,67.46,3.16,185
9/16/20,29899405,941633,20192399,8765373,29899405,0,20192399,67.53,3.15,185
9/17/20,30214344,947113,20411898,8855333,30214344,0,20411898,67.56,3.13,185
9/18/20,30540127,952793,20662253,8925081,30540127,0,20662253,67.66,3.12,185
9/19/20,30832209,958063,20898776,8975370,30832209,0,20898776,67.78,3.11,185
9/2/20,26055224,864022,17178643,8012559,26055224,0,17178643,65.93,3.32,185
9/20/20,31084208,961807,21135229,8987172,31084208,0,21135229,67.99,3.09,185
9/21/20,31360236,965919,21379480,9014837,31360236,0,21379480,68.17,3.08,185
9/22/20,31644550,971894,21597321,9075335,31644550,0,21597321,68.25,3.07,185
9/23/20,31920341,977508,21859473,9083360,31920341,0,21859473,68.48,3.06,185
9/24/20,32273329,984173,22114194,9174962,32273329,0,22114194,68.52,3.05,185
9/25/20,32604100,990065,22352163,9261872,32604100,0,22352163,68.56,3.04,185
9/26/20,32892416,995423,22613622,9283371,32892416,0,22613622,68.75,3.03,185
9/27/20,33144122,999114,22826497,9318511,33144122,0,22826497,68.87,3.01,185
9/28/20,33398870,1003090,23047651,9348129,33398870,0,23047651,69.01,3.0,185
9/29/20,33681307,1009024,23287337,9384946,33681307,0,23287337,69.14,3.0,185
9/3/20,26336518,869701,17399381,8067436,26336518,0,17399381,66.07,3.3,185
9/30/20,34007417,1015468,23534097,9457852,34007417,0,23534097,69.2,2.99,185
9/4/20,26650556,875560,17612239,8162757,26650556,0,17612239,66.09,3.29,185
9/5/20,26920441,880521,17812929,8226991,26920441,0,17812929,66.17,3.27,185
9/6/20,27151036,884341,18024445,8242250,27151036,0,18024445,66.39,3.26,185
9/7/20,27368819,893717,18221702,8253400,27368819,0,18221702,66.58,3.27,185
9/8/20,27611060,898630,18422431,8289999,27611060,0,18422431,66.72,3.25,185
9/9/20,27895579,904727,18662261,8328591,27895579,0,18662261,66.9,3.24,185
